Municipality,County,Pres16,Pres20,Swing,GEOID
Absecon,Atlantic,-0.0504,-0.0147,0.0357,3400100100
Atlantic City,Atlantic,0.6306,0.5479,-0.0827,3400102080
Brigantine City,Atlantic,-0.1651,-0.1588,0.0063,3400107810
Buena,Atlantic,-0.1071,-0.0824,0.0247,3400108680
Buena Vista,Atlantic,-0.1093,-0.1535,-0.0442,3400108710
Corbin City,Atlantic,-0.2829,-0.3262,-0.0433,3400115160
Egg Harbor,Atlantic,0.0203,0.1422,0.1219,3400120290
Egg Harbor City,Atlantic,0.113,0.0391,-0.0739,3400120350
Estell Manor,Atlantic,-0.4515,-0.4014,0.0501,3400121870
Folsom,Atlantic,-0.2495,-0.2713,-0.0218,3400123940
Galloway,Atlantic,0.0193,0.0238,0.0045,3400125560
Hamilton,Atlantic,0.056,0.0874,0.0314,3400129280
Hammonton,Atlantic,-0.2324,-0.2106,0.0218,3400129430
Linwood,Atlantic,-0.1009,-0.0405,0.0604,3400140530
Longport,Atlantic,-0.245,-0.1698,0.0752,3400141370
Margate,Atlantic,-0.0165,-0.0208,-0.0043,3400143890
Mullica,Atlantic,-0.1927,-0.227,-0.0343,3400149410
Northfield,Atlantic,-0.0608,-0.0135,0.0473,3400152950
Pleasantville,Atlantic,0.7997,0.6985,-0.1012,3400159640
Port Republic City,Atlantic,-0.246,-0.2328,0.0132,3400160600
Somers Point,Atlantic,-0.0023,0.0301,0.0324,3400168430
Ventor City,Atlantic,0.0278,0.0334,0.0056,3400175620
Weymouth,Atlantic,-0.2104,-0.2154,-0.005,3400180330
ALLENDALE BORO,Bergen,0.0009,0.1144,0.1135,3400300700
ALPINE BORO,Bergen,0.0433,0.0517,0.0084,3400301090
BERGENFIELD BORO,Bergen,0.3168,0.3019,-0.0149,3400305170
BOGOTA BORO,Bergen,0.3189,0.3084,-0.0105,3400306490
CARLSTADT BORO,Bergen,-0.0602,-0.0172,0.043,3400310480
CLIFFSIDE PARK BORO,Bergen,0.2662,0.2152,-0.051,3400313570
CLOSTER BORO,Bergen,0.2121,0.2609,0.0488,3400313810
CRESSKILL BORO,Bergen,0.1009,0.1634,0.0625,3400315820
DEMAREST BORO,Bergen,0.2877,0.3578,0.0701,3400317530
DUMONT BORO,Bergen,0.0569,0.1296,0.0727,3400318400
EAST RUTHERFORD BORO,Bergen,0.0465,0.109,0.0625,3400319510
EDGEWATER BORO,Bergen,0.4266,0.4046,-0.022,3400320020
ELMWOOD PARK BORO,Bergen,0.1003,0.0778,-0.0225,3400321300
EMERSON BORO,Bergen,-0.1427,-0.0489,0.0938,3400321450
ENGLEWOOD CITY,Bergen,0.6153,0.5301,-0.0852,3400321480
ENGLEWOOD CLIFFS BORO,Bergen,0.0958,0.0916,-0.0042,3400321510
FAIR LAWN BORO,Bergen,0.1151,0.1311,0.016,3400322470
FAIRVIEW BORO,Bergen,0.3235,0.2227,-0.1008,3400322560
FORT LEE BORO,Bergen,0.2769,0.2567,-0.0202,3400324420
FRANKLIN LAKES BORO,Bergen,-0.2581,-0.1723,0.0858,3400324990
GARFIELD CITY,Bergen,0.1773,0.1319,-0.0454,3400325770
GLEN ROCK BORO,Bergen,0.2541,0.3362,0.0821,3400326640
HACKENSACK CITY,Bergen,0.5491,0.5278,-0.0213,3400328680
HARRINGTON PARK BORO,Bergen,0.0895,0.2004,0.1109,3400330150
HASBROUCK HEIGHTS BORO,Bergen,-0.0539,0.0162,0.0701,3400330420
HAWORTH BORO,Bergen,0.2313,0.3669,0.1356,3400330540
HILLSDALE BORO,Bergen,-0.0056,0.0726,0.0782,3400331920
HO-HO-KUS BORO,Bergen,-0.0164,0.0885,0.1049,3400332310
LEONIA BORO,Bergen,0.4229,0.4103,-0.0126,3400340020
LITTLE FERRY BORO,Bergen,0.1491,0.1725,0.0234,3400340680
LODI BORO,Bergen,0.2419,0.2094,-0.0325,3400341100
LYNDHURST TWP,Bergen,-0.0627,-0.0061,0.0566,3400342090
MAHWAH TWP,Bergen,-0.0917,0.0035,0.0952,3400342750
MAYWOOD BORO,Bergen,0.1101,0.1946,0.0845,3400344880
MIDLAND PARK BORO,Bergen,-0.1236,0.0198,0.1434,3400346110
MONTVALE BORO,Bergen,-0.0599,0.0497,0.1096,3400347610
MOONACHIE BORO,Bergen,0.0235,0.0376,0.0141,3400347700
NEW MILFORD BORO,Bergen,0.0662,0.1213,0.0551,3400351660
NORTH ARLINGTON BORO,Bergen,-0.0058,-0.0006,0.0052,3400352320
NORTHVALE BORO,Bergen,-0.0723,0.0039,0.0762,3400353430
NORWOOD BORO,Bergen,0.0599,0.1252,0.0653,3400353610
OAKLAND BORO,Bergen,-0.1233,-0.0337,0.0896,3400353850
OLD TAPPAN BORO,Bergen,-0.0955,-0.0336,0.0619,3400354870
ORADELL BORO,Bergen,0.0288,0.1461,0.1173,3400354990
PALISADES PARK BORO,Bergen,0.3228,0.2198,-0.103,3400355770
PARAMUS BORO,Bergen,-0.0191,-0.0101,0.009,3400355950
PARK RIDGE BORO,Bergen,-0.104,-0.0128,0.0912,3400356130
RAMSEY BORO,Bergen,-0.0311,0.085,0.1161,3400361680
RIDGEFIELD BORO,Bergen,0.0948,0.104,0.0092,3400362910
RIDGEFIELD PARK VILLAGE,Bergen,0.2808,0.3068,0.026,3400362940
RIDGEWOOD VILLAGE,Bergen,0.2586,0.3376,0.079,3400363000
RIVER EDGE BORO,Bergen,0.1479,0.2462,0.0983,3400363360
RIVER VALE TWP,Bergen,-0.0516,0.0387,0.0903,3400363690
ROCHELLE PARK TWP,Bergen,-0.048,0.0438,0.0918,3400363990
ROCKLEIGH BORO,Bergen,-0.1296,-0.1304,-0.0008,3400364170
RUTHERFORD BORO,Bergen,0.1256,0.1907,0.0651,3400365280
SADDLE BROOK TWP,Bergen,-0.0951,-0.0386,0.0565,3400365340
SADDLE RIVER BORO,Bergen,-0.3303,-0.2408,0.0895,3400365400
SOUTH HACKENSACK TWP,Bergen,0.0862,0.0817,-0.0045,3400368970
TEANECK TWP,Bergen,0.5409,0.4559,-0.085,3400372360
TENAFLY BORO,Bergen,0.3868,0.4273,0.0405,3400372420
TETERBORO BORO,Bergen,0,-0.1428,-0.1428,3400372480
UPPER SADDLE RIVER BORO,Bergen,-0.0909,0.0004,0.0913,3400375140
WALDWICK BORO,Bergen,-0.0821,0.0313,0.1134,3400376400
WALLINGTON BORO,Bergen,-0.1451,-0.1595,-0.0144,3400376490
WASHINGTON TWP,Bergen,-0.1574,-0.0645,0.0929,3400377135
WESTWOOD BORO,Bergen,0.049,0.1261,0.0771,3400380270
WOOD-RIDGE BORO,Bergen,-0.0547,0.0502,0.1049,3400382570
WOODCLIFF LAKE BORO,Bergen,0.0687,0.1731,0.1044,3400382300
WYCKOFF TWP,Bergen,-0.1206,-0.031,0.0896,3400383050
Bass River Township,Burlington,-0.4726,-0.47985782,-0.00725782,3400503370
Beverly City,Burlington,0.2628,0.340188518,0.077388518,3400505740
Bordentown City,Burlington,0.2786,0.342881213,0.064281213,3400506670
Bordentown Township,Burlington,0.077,0.142774566,0.065774566,3400506700
Burlington City,Burlington,0.3632,0.395807128,0.032607128,3400508920
Burlington Township,Burlington,0.3366,0.38442285,0.04782285,3400508950
Chesterfield Township,Burlington,-0.0262,0.063360882,0.089560882,3400512670
Cinnaminson Township,Burlington,0.0417,0.089186176,0.047486176,3400512940
Delanco Township,Burlington,0.1325,0.216748768,0.084248768,3400517080
Delran Township,Burlington,0.0878,0.111895264,0.024095264,3400517440
Eastampton Township,Burlington,0.1565,0.201995012,0.045495012,3400518790
Edgewater Park Township,Burlington,0.3326,0.385015363,0.052415363,3400520050
Evesham Township,Burlington,0.0763,0.140036147,0.063736147,3400522110
Fieldsboro Boro,Burlington,0.0365,0.159375,0.122875,3400523250
Florence Township,Burlington,0.0359,0.115101038,0.079201038,3400523850
Hainesport Township,Burlington,-0.0044,0.017629775,0.022029775,3400529010
Lumberton Township,Burlington,0.1954,0.254226096,0.058826096,3400542060
Mansfield Township,Burlington,-0.0432,-0.002420136,0.040779864,3400543290
Maple Shade Township,Burlington,0.1568,0.189541779,0.032741779,3400543740
Medford Lakes Boro,Burlington,0.0234,0.073211876,0.049811876,3400545210
Medford Township,Burlington,-0.0425,0.006887385,0.049387385,3400545120
Moorestown Township,Burlington,0.1592,0.229738491,0.070538491,3400547880
Mount Holly Township,Burlington,0.3361,0.38693684,0.05083684,3400548900
Mount Laurel Township,Burlington,0.1855,0.266740672,0.081240672,3400549020
New Hanover Township,Burlington,-0.2383,-0.202229299,0.036070701,3400551510
North Hanover Township,Burlington,-0.273,-0.189409369,0.083590631,3400553070
Palmyra Boro,Burlington,0.2496,0.313879004,0.064279004,3400555800
Pemberton Boro,Burlington,0.0123,0.035561878,0.023261878,3400557480
Pemberton Township,Burlington,0.121,0.114345477,-0.006654523,3400557510
Riverside Township,Burlington,0.0399,0.072884497,0.032984497,3400563510
Riverton Boro,Burlington,0.1977,0.258918297,0.061218297,3400563660
Shamong Township,Burlington,-0.2456,-0.210082063,0.035517937,3400566810
Southampton Township,Burlington,-0.209,-0.154402382,0.054597618,3400568610
Springfield Township,Burlington,-0.2633,-0.176798144,0.086501856,3400569990
Tabernacle Township,Burlington,-0.3108,-0.234343881,0.076456119,3400572060
Washington Township,Burlington,-0.1658,-0.168646081,-0.002846081,3400577150
Westampton Township,Burlington,0.323,0.394567811,0.071567811,3400578200
Willingboro Township,Burlington,0.8133,0.81721344,0.00391344,3400581440
Woodland Township,Burlington,-0.3222,-0.356164384,-0.033964384,3400582420
Wrightstown Boro,Burlington,0.1617,0.145228216,-0.016471784,3400582960
Audubon,Camden,0.153830054,0.2,0.046169946,3400702200
Audubon Park,Camden,0.108695652,0.0692,-0.039495652,3400702230
Barrington,Camden,0.174927114,0.2221,0.047172886,3400703250
Bellmawr,Camden,0.042248062,0.0545,0.012251938,3400704750
Berlin (boro),Camden,-0.036144578,0.0122,0.048344578,3400705440
Berlin (twp),Camden,0.077383327,0.1095,0.032116673,3400705470
Brooklawn,Camden,0.151664612,0.1888,0.037135388,3400708170
Camden,Camden,0.892218692,0.7913,-0.100918692,3400710000
Cherry Hill,Camden,0.305536515,0.35,0.044463485,3400712280
Chesilhurst,Camden,0.436717663,0.3652,-0.071517663,3400712550
Clementon,Camden,0.222724987,0.2751,0.052375013,3400713420
Collingswood,Camden,0.465886421,0.5713,0.105413579,3400714260
Gibbsboro,Camden,0.0306845,0.1316,0.1009155,3400726070
Gloucester (city),Camden,0.075430512,0.0789,0.003469488,3400726820
Gloucester (twp),Camden,0.161096658,0.2025,0.041403342,3400726760
Haddon,Camden,0.263837209,0.3406,0.076762791,3400728740
Haddonfield,Camden,0.323076923,0.3978,0.074723077,3400728770
Haddon Heights,Camden,0.210934042,0.2881,0.077165958,3400728800
Hi-Nella,Camden,0.234536082,0.3766,0.142063918,3400732220
Laurel Springs,Camden,0.103448276,0.1967,0.093251724,3400739210
Lawnside,Camden,0.930519481,0.9016,-0.028919481,3400739420
Lindenwold,Camden,0.505107084,0.5281,0.022992916,3400740440
Magnolia,Camden,0.251988072,0.2929,0.040911928,3400742630
Merchantville,Camden,0.358974359,0.3864,0.027425641,3400745510
Mount Ephraim,Camden,0.073660714,0.0876,0.013939286,3400748750
Oaklyn,Camden,0.232401157,0.3269,0.094498843,3400753880
Pennsauken,Camden,0.531887088,0.4843,-0.047587088,3400757660
Pine Hill,Camden,0.297188755,0.3292,0.032011245,3400758770
Pine Valley,Camden,-0.545454545,-0.6364,-0.090945455,3400758920
Runnemede,Camden,0.070861978,0.0936,0.022738022,3400765160
Somerdale,Camden,0.33586262,0.3312,-0.00466262,3400768340
Stratford,Camden,0.119004796,0.1964,0.077395204,3400771220
Tavistock,Camden,0.5,1,0.5,3400772240
Voorhees,Camden,0.268268066,0.3395,0.071231934,3400776220
Waterford,Camden,-0.182352941,-0.1713,0.011052941,3400777630
Winslow,Camden,0.325330199,0.343,0.017669801,3400781740
Woodlynne,Camden,0.667381974,0.5996,-0.067781974,3400782450
Avalon,Cape May,-0.216494845,-0.1686,0.047894845,3400902320
Cape May,Cape May,-0.055517478,0.0595,0.115017478,3400910270
Cape May Point,Cape May,0.10738255,0.2458,0.13841745,3400910330
Dennis Township,Cape May,-0.284982935,-0.2726,0.012382935,3400917560
Lower Township,Cape May,-0.230252256,-0.1974,0.032852256,3400941610
Middle Township,Cape May,-0.168410832,-0.1572,0.011210832,3400945810
North Wildwood,Cape May,-0.323135755,-0.2512,0.071935755,3400953490
Ocean City,Cape May,-0.155926093,-0.1078,0.048126093,3400954360
Sea Isle City,Cape May,-0.291637386,-0.1694,0.122237386,3400966390
Stone Harbor,Cape May,-0.21541502,-0.1247,0.09071502,3400971010
Upper Township,Cape May,-0.239861592,-0.1907,0.049161592,3400974810
West Cape May,Cape May,0.194489465,0.2322,0.037710535,3400978530
West Wildwood,Cape May,-0.249158249,-0.2638,-0.014641751,3400980210
Wildwood,Cape May,-0.048214286,-0.0814,-0.033185714,3400981170
Wildwood Crest,Cape May,-0.339439038,-0.254,0.085439038,3400981200
Woodbine,Cape May,0.212636695,0.1673,-0.045336695,3400981890
Bridgeton,Cumberland,0.520954079,0.5294,0.008445921,3401107600
Commercial,Cumberland,-0.187246377,-0.1919,-0.004653623,3401114710
Deerfield,Cumberland,-0.177877429,-0.172,0.005877429,3401116900
Downe,Cumberland,-0.561971831,-0.4464,0.115571831,3401118220
Fairfield,Cumberland,0.402627874,0.3805,-0.022127874,3401122350
Greenwich,Cumberland,-0.108045977,-0.07,0.038045977,3401128170
Hopewell,Cumberland,-0.302586628,-0.2794,0.023186628,3401133120
Lawrence,Cumberland,-0.364591754,-0.3854,-0.020808246,3401139450
Maurice River,Cumberland,-0.397966102,-0.3919,0.006066102,3401144580
Millville,Cumberland,0.021240917,0.0548,0.033559083,3401146680
Shiloh,Cumberland,-0.42745098,-0.3162,0.11125098,3401167020
Stow Creek,Cumberland,-0.409859155,-0.408,0.001859155,3401171160
Upper Deerfield,Cumberland,-0.202542373,-0.1764,0.026142373,3401174870
Vineland,Cumberland,0.156428146,0.1417,-0.014728146,3401176070
BELLEVILLE TWP,Essex,0.244691084,0.226743075,-0.017948009,3401304695
BLOOMFIELD TWP,Essex,0.413218498,0.451972321,0.038753823,3401306260
CALDWELL BORO,Essex,0.048079659,0.154527341,0.106447683,3401309250
CEDAR GROVE TWP,Essex,-0.155758574,-0.068228724,0.08752985,3401311200
CITY OF ORANGE TWP,Essex,0.899847947,0.873856209,-0.025991738,3401313045
EAST ORANGE CITY,Essex,0.936547898,0.904110663,-0.032437236,3401319390
ESSEX FELLS BORO,Essex,-0.164308176,-0.065926893,0.098381283,3401321840
FAIRFIELD TWP,Essex,-0.469646939,-0.402597403,0.067049537,3401322385
GLEN RIDGE BORO,Essex,0.493746994,0.581164021,0.087417027,3401326610
IRVINGTON TWP,Essex,0.923621014,0.896493429,-0.027127586,3401334450
LIVINGSTON TWP,Essex,0.240163824,0.299162607,0.058998783,3401340890
MAPLEWOOD TWP,Essex,0.783086259,0.815791217,0.032704958,3401343800
MILLBURN TWP,Essex,0.402055561,0.477716233,0.075660672,3401346380
MONTCLAIR TWP,Essex,0.748085794,0.781144923,0.033059128,3401347500
NEWARK CITY,Essex,0.852649236,0.74777493,-0.104874306,3401351000
NORTH CALDWELL BORO,Essex,-0.033573807,0.051856735,0.085430542,3401352620
NUTLEY TWP,Essex,-0.03019802,0.0343604,0.06455842,3401353680
ROSELAND BORO,Essex,-0.101997337,-0.015062368,0.086934969,3401364590
SOUTH ORANGE VILLAGE TWP,Essex,0.760846807,0.80409327,0.043246462,3401369274
VERONA TWP,Essex,0.090428877,0.194010695,0.103581818,3401375815
WEST CALDWELL TWP,Essex,-0.058223684,0.008159314,0.066382998,3401378510
WEST ORANGE TWP,Essex,0.514858543,0.566364921,0.051506378,3401379800
Clayton,Gloucester,0.0854,0.1226,0.0372,3401513360
Deptford,Gloucester,0.1053,0.1291,0.0238,3401517710
East Greenwich,Gloucester,-0.0816,-0.047,0.0346,3401519180
Elk,Gloucester,-0.1403,-0.1377,0.0026,3401521060
Franklin,Gloucester,-0.2119,-0.2354,-0.0235,3401524840
Glassboro,Gloucester,0.186,0.2129,0.0269,3401526340
Greenwich,Gloucester,-0.1266,-0.1354,-0.0088,3401528185
Harrison,Gloucester,-0.1343,-0.0681,0.0662,3401530180
Logan,Gloucester,0.0924,0.1011,0.0087,3401541160
Mantua,Gloucester,-0.089,-0.0548,0.0342,3401543440
Monroe,Gloucester,0.002,0.0107,0.0087,3401547250
National Park,Gloucester,-0.0615,-0.0671,-0.0056,3401549680
Newfield,Gloucester,-0.1826,-0.1149,0.0677,3401551390
Paulsboro,Gloucester,0.3979,0.3404,-0.0575,3401557150
Pitman,Gloucester,0.0153,0.0648,0.0495,3401559070
South Harrison,Gloucester,-0.2554,-0.1792,0.0762,3401569030
Swedesboro,Gloucester,0.089,0.1559,0.0669,3401571850
Washington Twp,Gloucester,-0.0764,-0.0542,0.0222,3401577180
Wenonah,Gloucester,0.1709,0.2671,0.0962,3401578110
West Deptford,Gloucester,0.0346,0.0645,0.0299,3401578800
Westville,Gloucester,-0.055,0.0143,0.0693,3401580120
Woodbury,Gloucester,0.3139,0.3615,0.0476,3401582120
Woodbury Heights,Gloucester,0.0134,0.0662,0.0528,3401582180
Woolwich,Gloucester,-0.0284,0.0271,0.0555,3401582840
Bayonne City,Hudson,0.1806,0.1976,0.017,3401703580
East Newark Boro,Hudson,0.4817,0.3339,-0.1478,3401719360
Guttenberg Town,Hudson,0.5311,0.4109,-0.1202,3401728650
Harrison Town,Hudson,0.4273,0.3978,-0.0295,3401730210
Hoboken City,Hudson,0.5016,0.53,0.0284,3401732250
Jersey City,Hudson,0.6857,0.6339,-0.0518,3401736000
Kearny Town,Hudson,0.2869,0.2187,-0.0682,3401736510
North Bergen Twp,Hudson,0.4876,0.3441,-0.1435,3401752470
Secacus Town,Hudson,0.1255,0.1539,0.0284,3401766570
Union City,Hudson,0.5994,0.4405,-0.1589,3401774630
Weehawken Twp,Hudson,0.4971,0.466,-0.0311,3401777930
West New York Town,Hudson,0.524,0.3868,-0.1372,3401779610
Alexandria Twp,Hunterdon,-0.3106,-0.1932,0.1174,3401900550
Bethlehem Twp,Hunterdon,-0.2216,-0.1265,0.0951,3401905650
Bloomsbury Boro,Hunterdon,-0.2027,-0.0355,0.1672,3401906370
Califon Boro,Hunterdon,-0.0282,0.0767,0.1049,3401909280
Clinton Twon,Hunterdon,0.0135,0.1043,0.0908,3401913720
Clinton Twp,Hunterdon,-0.1321,-0.0205,0.1116,3401913750
Delaware Twp,Hunterdon,-0.099,-0.0099,0.0891,3401917170
East Amwell,Hunterdon,-0.1349,-0.0407,0.0942,3401918820
Flemington Boro,Hunterdon,0.0783,0.1517,0.0734,3401923700
Franklin Twp,Hunterdon,-0.2784,-0.2107,0.0677,3401924870
Frenchtown Boro,Hunterdon,0.1994,0.3212,0.1218,3401925350
Glen Gardner Boro,Hunterdon,-0.1529,-0.0405,0.1124,3401926550
Hampton Boro,Hunterdon,-0.1961,-0.1911,0.005,3401929460
High Bridge Boro,Hunterdon,-0.0241,0.0809,0.105,3401931320
Holland Twp,Hunterdon,-0.3243,-0.2282,0.0961,3401932460
Kingwood Twp,Hunterdon,-0.3197,-0.2692,0.0505,3401937065
Lambertville,Hunterdon,0.4903,0.556,0.0657,3401938610
Lebanon Boro,Hunterdon,-0.1764,-0.0743,0.1021,3401939630
Lebanon Twp,Hunterdon,-0.2743,-0.1925,0.0818,3401939660
Milford Boro,Hunterdon,-0.1205,-0.0441,0.0764,3401946260
Raritan Twp,Hunterdon,-0.0988,-0.0023,0.0965,3401961920
Readington Twp,Hunterdon,-0.2045,-0.1213,0.0832,3401962250
Stockton Boro,Hunterdon,0.2456,0.3063,0.0607,3401970980
Tewskbury Twp,Hunterdon,-0.1912,-0.0742,0.117,3401972510
Union Twp,Hunterdon,-0.1966,-0.0638,0.1328,3401974420
West Amwell,Hunterdon,-0.0988,-0.014,0.0848,3401978230
East,Mercer,0.353030816,0.394146685,0.041115869,3402119780
Ewing,Mercer,0.439892709,0.487385937,0.047493228,3402122185
Hamilton,Mercer,0.051879823,0.107674149,0.055794326,3402129310
Hightstown,Mercer,0.312610229,0.390884511,0.078274282,3402131620
Hopewell,Mercer,0.497942387,0.616024187,0.118081801,3402133150
Hopewell,Mercer,0.266451678,0.350242413,0.083790735,3402133180
Lawrence,Mercer,0.409218699,0.425418482,0.016199783,3402139510
Pennington,Mercer,0.551543007,0.604269294,0.052726287,3402157600
Princeton,Mercer,0.6772417,0.701790536,0.024548835,3402160900
Robbinsville,Mercer,0.076786446,0.17296691,0.096180463,3402163850
"Trenton,",Mercer,0.828616423,0.770154844,-0.058461579,3402174000
West,Mercer,0.47771973,0.543489516,0.065769786,3402180240
Carteret,Middlesex,0.393726214,0.3361,-0.057626214,3402310750
Cranbury,Middlesex,0.192713327,0.2855,0.092786673,3402315550
Dunellen,Middlesex,0.111662531,0.2121,0.100437469,3402318490
East Brunswick,Middlesex,0.145710616,0.1857,0.039989384,3402319000
Edison,Middlesex,0.247817093,0.2409,-0.006917093,3402320230
Helmetta,Middlesex,-0.185634328,-0.1146,0.071034328,3402330840
Highland Park,Middlesex,0.549818411,0.5432,-0.006618411,3402331470
Jamesburg,Middlesex,-0.0562749,0.0395,0.0957749,3402334890
Metuchen,Middlesex,0.305536754,0.3917,0.086163246,3402345690
Middlesex,Middlesex,-0.088970824,-0.0205,0.068470824,3402345900
Milltown,Middlesex,-0.129979036,-0.0215,0.108479036,3402346620
Monroe,Middlesex,0.046485305,0.0894,0.042914695,3402347280
New Brunswick,Middlesex,0.677455461,0.6394,-0.038055461,3402351210
North Brunswick,Middlesex,0.377177808,0.3861,0.008922192,3402352560
Old Bridge,Middlesex,-0.042904865,-0.0098,0.033104865,3402354705
Perth Amboy,Middlesex,0.661238692,0.4365,-0.224738692,3402358200
Piscataway,Middlesex,0.471655329,0.4366,-0.035055329,3402359010
Plainsboro,Middlesex,0.518767926,0.5307,0.011932074,3402359280
Sayreville,Middlesex,0.015552358,0.0642,0.048647642,3402365790
South Amboy,Middlesex,-0.102730087,-0.0332,0.069530087,3402368550
South Brunswick,Middlesex,0.337284428,0.3847,0.047415572,3402368790
South Plainfield,Middlesex,0.062965407,0.0975,0.034534593,3402369390
South River,Middlesex,-0.012115732,0.0121,0.024215732,3402369420
Spotswood,Middlesex,-0.23765121,-0.162,0.07565121,3402369810
Woodbridge,Middlesex,0.141258381,0.1553,0.014041619,3402382000
Aberdeen,Monmouth,0.0229,0.0867,0.0638,3402500070
Allenhurst,Monmouth,-0.2571,-0.0849,0.1722,3402500730
Allentown,Monmouth,0.0591,0.1411,0.082,3402500760
Asbury Park,Monmouth,0.6675,0.6514,-0.0161,3402501960
Atlantic Highlands,Monmouth,0.0066,0.1471,0.1405,3402502110
Avon-by-the-Sea Borough,Monmouth,-0.1442,-0.0113,0.1329,3402502440
Belmar Borough,Monmouth,-0.1042,-0.0191,0.0851,3402504930
Bradley Beach Borough,Monmouth,0.0839,0.1896,0.1057,3402506970
Brielle Borough,Monmouth,-0.3409,-0.2252,0.1157,3402507750
Colts Neck,Monmouth,-0.3659,-0.3131,0.0528,3402514560
Deal,Monmouth,-0.3229,-0.4726,-0.1497,3402516660
Eatontown,Monmouth,0.0149,0.0799,0.065,3402519840
Englishtown,Monmouth,-0.2861,-0.1647,0.1214,3402521570
Fair Haven,Monmouth,0.0901,0.1938,0.1037,3402522440
Farmingdale Borough,Monmouth,-0.267,-0.1719,0.0951,3402522950
Freehold Boro,Monmouth,0.1267,0.2247,0.098,3402525200
Freehold Twp,Monmouth,-0.1413,-0.0843,0.057,3402525230
Hazlet,Monmouth,-0.2607,-0.1948,0.0659,3402530690
Highlands,Monmouth,-0.0834,0.0147,0.0981,3402531500
Holmdel,Monmouth,-0.1509,-0.0516,0.0993,3402532640
Howell Township,Monmouth,-0.2419,-0.1715,0.0704,3402533300
Interlaken,Monmouth,-0.043,0.0665,0.1095,3402534200
Keansburg,Monmouth,-0.1436,-0.0716,0.072,3402536480
Keyport,Monmouth,-0.0608,-0.023,0.0378,3402536810
Lake Como Borough,Monmouth,-0.0049,0.0922,0.0971,3402537560
Little Siver,Monmouth,-0.0466,0.0696,0.1162,3402540770
Loch Arbour,Monmouth,-0.037,0.1532,0.1902,3402541010
Long Branch,Monmouth,0.2033,0.1931,-0.0102,3402541310
Manalapan,Monmouth,-0.159,-0.1502,0.0088,3402542990
Manasquan Borough,Monmouth,-0.1877,-0.089,0.0987,3402543050
Marlboro,Monmouth,-0.0132,0.0065,0.0197,3402544070
Matawan,Monmouth,-0.0584,0.0173,0.0757,3402544520
Middletown,Monmouth,-0.231,-0.1297,0.1013,3402545990
Millstone,Monmouth,-0.3235,-0.2762,0.0473,3402546560
Monmouth Beach,Monmouth,-0.2073,-0.1389,0.0684,3402547130
Neptune City,Monmouth,-0.017,0.1084,0.1254,3402549920
Neptune,Monmouth,0.3626,0.4149,0.0523,3402549890
Ocean,Monmouth,0.0062,0.0772,0.071,3402554270
Oceanport,Monmouth,-0.2216,-0.1394,0.0822,3402554570
Red Bank,Monmouth,0.2664,0.3332,0.0668,3402562430
Roosevelt,Monmouth,0.3267,0.3578,0.0311,3402564410
Rumson,Monmouth,-0.1365,-0.0287,0.1078,3402565130
Sea Bright,Monmouth,-0.1631,-0.068,0.0951,3402566240
Sea Girt Borough,Monmouth,-0.3792,-0.1908,0.1884,3402566330
Shrewsbury,Monmouth,-0.0804,0.0423,0.1227,3402567350
Shrewsbury Twp,Monmouth,0.229,0.2684,0.0394,3402567365
Spring Lake Borough,Monmouth,-0.2611,-0.1289,0.1322,3402570110
Spring Lake Heights Borough,Monmouth,-0.1675,-0.05,0.1175,3402570140
Tinton Falls,Monmouth,0.0184,0.0721,0.0537,3402573020
Union Beach,Monmouth,-0.2619,-0.2353,0.0266,3402574540
Upper Freehold,Monmouth,-0.2383,-0.1869,0.0514,3402574900
Wall Township,Monmouth,-0.2841,-0.1858,0.0983,3402576460
West Long Branch,Monmouth,-0.2284,-0.2049,0.0235,3402579310
Boonton Town,Morris,0.0549,0.1408,0.0859,3402706610
Boonton Twp,Morris,-0.1712,-0.0944,0.0768,3402706640
Butler Boro,Morris,-0.2152,-0.1199,0.0953,3402709040
Chatham Boro,Morris,0.1857,0.2894,0.1037,3402712100
Chatham Twp,Morris,0.0594,0.1919,0.1325,3402712130
Chester Boro,Morris,-0.1612,-0.1135,0.0477,3402712580
Chester Twp,Morris,-0.1595,-0.0598,0.0997,3402712610
Denville Twp,Morris,-0.077,0.0171,0.0941,3402717650
Dover Town,Morris,0.4466,0.3486,-0.098,3402718070
East Hanover Twp,Morris,-0.3984,-0.3302,0.0682,3402719210
Florham Park Boro,Morris,-0.1053,-0.0129,0.0924,3402723910
Hanover Twp,Morris,-0.1945,-0.1149,0.0796,3402729550
Harding Twp,Morris,-0.1394,-0.0528,0.0866,3402729700
Jefferson Twp,Morris,-0.2503,-0.1815,0.0688,3402734980
Kinnelon Boro,Morris,-0.2375,-0.1388,0.0987,3402737110
Lincoln Park Boro,Morris,-0.1268,-0.0745,0.0523,3402740290
Long Hill Twp,Morris,-0.0646,0.0399,0.1045,3402741362
Madison Boro,Morris,0.1823,0.2657,0.0834,3402742510
Mendham Boro,Morris,-0.0552,0.0543,0.1095,3402745330
Mendham Twp,Morris,-0.0482,0.072,0.1202,3402745360
Mine Hill Twp,Morris,-0.0456,0.0455,0.0911,3402746860
Montville Twp,Morris,-0.1271,-0.0323,0.0948,3402747670
Morris Plains Boro,Morris,0.0522,0.1676,0.1154,3402748210
Morris Twp,Morris,0.1432,0.2445,0.1013,3402748090
Morristown Town,Morris,0.3992,0.4275,0.0283,3402748300
Mount Arlington Boro,Morris,-0.2006,-0.071,0.1296,3402748690
Mount Olive Twp,Morris,-0.0723,0.0451,0.1174,3402749080
Mountain Lakes Boro,Morris,0.1126,0.2412,0.1286,3402748480
Netcong Boro,Morris,-0.2347,-0.1329,0.1018,3402750130
Parsippany-Troy Hills,Morris,0.0799,0.1173,0.0374,3402756460
Peaquannock Twp,Morris,-0.1722,-0.0909,0.0813,3402758110
Randolph Twp,Morris,0.0611,0.1421,0.081,3402761890
Riverdale Boro,Morris,-0.2165,-0.1745,0.042,3402763300
Rockaway Boro,Morris,-0.1044,0.0134,0.1178,3402764050
Rockaway Twp,Morris,-0.0671,0.0312,0.0983,3402764080
Roxbury Twp,Morris,-0.2139,-0.1005,0.1134,3402764980
Victory Gardens Boro,Morris,0.5958,0.5095,-0.0863,3402775890
Washington Twp,Morris,-0.2089,-0.0747,0.1342,3402777240
Wharton Boro,Morris,0.0767,0.1453,0.0686,3402780390
Barnegat,Ocean,-0.289099939,-0.2051,0.083999939,3402903050
Barnegat Light,Ocean,-0.067940552,-0.018,0.049940552,3402903130
Bay Head,Ocean,-0.14796748,-0.0894,0.05856748,3402903520
Beach Haven,Ocean,-0.173469388,-0.06,0.113469388,3402903940
Beachwood,Ocean,-0.322620266,-0.2263,0.096320266,3402904180
Berkeley,Ocean,-0.352930975,-0.2865,0.066430975,3402905305
Brick,Ocean,-0.337092497,-0.241,0.096092497,3402907420
Eagleswood,Ocean,-0.433806147,-0.3905,0.043306147,3402918670
Harvey Cedars,Ocean,0.034364261,0.1599,0.125535739,3402930390
Island Heights,Ocean,-0.100697906,-0.0433,0.057397906,3402934530
Jackson,Ocean,-0.282349026,-0.2471,0.035249026,3402934680
Lacey,Ocean,-0.432076814,-0.3682,0.063876814,3402937380
Lakehurst,Ocean,-0.244680851,-0.2216,0.023080851,3402937770
Lakewood,Ocean,-0.500348261,-0.6508,-0.150451739,3402938550
Lavallette,Ocean,-0.370612245,-0.2697,0.100912245,3402939390
Little Egg Harbor,Ocean,-0.343325847,-0.2681,0.075225847,3402940560
Long Beach,Ocean,-0.219078047,-0.0673,0.151778047,3402941250
Manchester,Ocean,-0.269504983,-0.1879,0.081604983,3402943140
Mantoloking,Ocean,-0.356164384,-0.2603,0.095864384,3402943380
Ocean,Ocean,-0.396415494,-0.3343,0.062115494,3402954300
Ocean Gate,Ocean,-0.227513228,-0.1594,0.068113228,3402954450
Pine Beach,Ocean,-0.209935897,-0.1062,0.103735897,3402958590
Plumsted,Ocean,-0.409056604,-0.357,0.052056604,3402959790
Point Pleasant,Ocean,-0.27694113,-0.1983,0.07864113,3402959880
Point Pleasant Beach,Ocean,-0.283979632,-0.196,0.087979632,3402959910
Seaside Heights,Ocean,-0.410218978,-0.2534,0.156818978,3402966450
Seaside Park,Ocean,-0.367102397,-0.2673,0.099802397,3402966480
Ship Bottom,Ocean,-0.171232877,-0.0514,0.119832877,3402967110
South Toms River,Ocean,-0.006955178,0.0505,0.057455178,3402969510
Stafford,Ocean,-0.34595833,-0.2655,0.08045833,3402970320
Surf City,Ocean,-0.160509554,-0.0977,0.062809554,3402971640
Toms River,Ocean,-0.321520633,-0.2347,0.086820633,3402973125
Tuckerton,Ocean,-0.329434698,-0.2546,0.074834698,3402974210
Bloomingdale,Passaic,-0.1434,-0.0595,0.0839,3403106340
Clifton,Passaic,0.2275,0.1921,-0.0354,3403113690
Haledon,Passaic,0.4735,0.4083,-0.0652,3403129070
Hawthorne,Passaic,-0.0329,0.0496,0.0825,3403130570
Little Falls,Passaic,0.0089,0.0057,-0.0032,3403140620
North Haledon,Passaic,-0.3014,-0.2445,0.0569,3403153040
Passaic,Passaic,0.5157,0.2571,-0.2586,3403156550
Paterson,Passaic,0.8077,0.613,-0.1947,3403157000
Pompton Lakes,Passaic,-0.0986,-0.0694,0.0292,3403160090
Prospect Park,Passaic,0.6087,0.4768,-0.1319,3403161170
Ringwood,Passaic,-0.1126,-0.0418,0.0708,3403163150
Totowa,Passaic,-0.2436,-0.1944,0.0492,3403173140
Wanaque,Passaic,-0.1212,-0.0623,0.0589,3403176730
Wayne,Passaic,-0.1048,-0.0415,0.0633,3403177840
West Milford,Passaic,-0.2881,-0.1993,0.0888,3403179460
Woodland Park,Passaic,0.0217,0.0363,0.0146,3403182423
Alloway Twp,Salem,-0.336651054,-0.325910931,0.010740123,3403300880
Carneys Point Twp,Salem,0.034780024,0.104324161,0.069544137,3403310610
Elmer Boro,Salem,-0.349102773,-0.296644295,0.052458478,3403321240
Elsinboro Twp,Salem,-0.320189274,-0.402108434,-0.081919159,3403321330
Lower Alloways Creek Twp,Salem,-0.536318408,-0.580348004,-0.044029596,3403341640
Mannington Twp,Salem,-0.246771879,-0.268106734,-0.021334855,3403343200
Oldmans Twp,Salem,-0.221105528,-0.183908046,0.037197482,3403354810
Penns Grove Boro,Salem,0.519461078,0.495805369,-0.023655709,3403357750
Pennsville Twp,Salem,-0.327605771,-0.243629584,0.083976187,3403357870
Pilesgrove Twp,Salem,-0.196619217,-0.145021645,0.051597572,3403358530
Pittsgrove Twp,Salem,-0.19754516,-0.169949104,0.027596056,3403359130
Quinton Twp,Salem,-0.27310231,-0.21752988,0.05557243,3403361470
Salem City,Salem,0.583432658,0.578494624,-0.004938034,3403365490
Upper Pittsgrove Twp,Salem,-0.43877551,-0.450746269,-0.011970758,3403375110
Woddstown Boro,Salem,0.043924701,0.10818084,0.064256139,3403382720
Bedminster,Somerset,-0.001707577,0.0668,0.068507577,3403504450
Bernards,Somerset,0.008224956,0.1376,0.129375044,3403505560
Bernardsville,Somerset,-0.051325712,0.1015,0.152825712,3403505590
Bound Brook,Somerset,0.167184587,0.1977,0.030515413,3403506790
Branchburg,Somerset,-0.146380764,-0.0205,0.125880764,3403507180
Bridgewater,Somerset,0.007570089,0.1141,0.106529911,3403507720
Far Hills,Somerset,-0.161524501,-0.0492,0.112324501,3403522890
Franklin,Somerset,0.450952999,0.4707,0.019747001,3403524900
Green Brook,Somerset,-0.014899713,0.1,0.114899713,3403527510
Hillsborough,Somerset,0.044999756,0.1441,0.099100244,3403531890
Manville,Somerset,-0.178782983,-0.0932,0.085582983,3403543620
Millstone,Somerset,-0.105263158,-0.0065,0.098763158,3403546590
Montgomery,Somerset,0.274218257,0.3749,0.100681743,3403547580
North Plainfield,Somerset,0.457346967,0.4837,0.026353033,3403553280
Peapack-Gladstone,Somerset,-0.07311828,0.0061,0.07921828,3403557300
Raritan,Somerset,0.018535972,0.0719,0.053364028,3403561980
Rocky Hill,Somerset,0.446601942,0.5472,0.100598058,3403564320
Somerville,Somerset,0.255451713,0.3272,0.071748287,3403568460
South Bound Brook,Somerset,0.124863686,0.2143,0.089436314,3403568730
Warren,Somerset,-0.097939365,0.0173,0.115239365,3403576940
Watchung,Somerset,0.008774679,0.056,0.047225321,3403577600
Andover Boro,Sussex,-0.2817,-0.1983,0.0834,3403701330
Andover Twp,Sussex,-0.2886,-0.1783,0.1103,3403701360
Branchville Boro,Sussex,-0.3179,-0.195,0.1229,3403707300
Byram Twp,Sussex,-0.2863,-0.1779,0.1084,3403709160
Frankford Twp,Sussex,-0.398,-0.327,0.0712,3403724810
Franklin Boro,Sussex,-0.3192,-0.2249,0.0943,3403724930
Fredon Twp,Sussex,-0.3513,-0.2605,0.0908,3403725140
Green Twp,Sussex,-0.3905,-0.278,0.1125,3403727420
Hamburg Boro,Sussex,-0.2309,-0.1651,0.0658,3403729220
Hampton Twp,Sussex,-0.3199,-0.2443,0.0756,3403729490
Hardyston Twp,Sussex,-0.2871,-0.1967,0.0904,3403729850
Hopatcong Boro,Sussex,-0.2582,-0.1561,0.1021,3403732910
Lafayette Twp,Sussex,-0.4311,-0.3256,0.1055,3403737440
Montague Twp,Sussex,-0.3987,-0.3314,0.0673,3403747430
Newton Town,Sussex,-0.0946,-0.0021,0.0925,3403751930
Ogdensburg Boro,Sussex,-0.3394,-0.2116,0.1278,3403754660
Sandyston Twp,Sussex,-0.4201,-0.2911,0.129,3403765700
Sparta Twp,Sussex,-0.2066,-0.0905,0.1161,3403769690
Stanhope Boro,Sussex,-0.1562,-0.0162,0.14,3403770380
Stillwater Twp,Sussex,-0.339,-0.2149,0.1241,3403770890
Sussex Boro,Sussex,-0.3771,-0.2272,0.1133,3403771670
Vernon Twp,Sussex,-0.3243,-0.2111,0.1132,3403775740
Walpack Twp,Sussex,-0.3334,-0.4546,-0.1212,3403776640
Wantage Twp,Sussex,-0.4562,-0.3722,0.084,3403776790
Berkeley Heights,Union,0.017297145,0.1319,0.114602855,3403905320
Clark,Union,-0.263690476,-0.2282,0.035490476,3403913150
Cranford,Union,0.114133333,0.2101,0.095966667,3403915640
Elizabeth,Union,0.602162531,0.4133,-0.188862531,3403921000
Fanwood,Union,0.244597483,0.3569,0.112302517,3403922860
Garwood,Union,-0.046058459,0.0276,0.073658459,3403925800
Hillside,Union,0.698156682,0.6414,-0.056756682,3403931980
Kenilworth,Union,-0.174620101,-0.1505,0.024120101,3403936690
Linden,Union,0.402313145,0.3711,-0.031213145,3403940350
Mountainside,Union,-0.117570724,-0.0026,0.114970724,3403948510
New Providence,Union,0.117890541,0.223,0.105109459,3403951810
Plainfield,Union,0.830771296,0.7978,-0.032971296,3403959190
Rahway,Union,0.43881104,0.4617,0.02288896,3403961530
Roselle,Union,0.755369243,0.7156,-0.039769243,3403964620
Roselle Park,Union,0.157726465,0.1884,0.030673535,3403964650
Scotch Plains,Union,0.215877863,0.2963,0.080422137,3403966060
Springfield,Union,0.18804243,0.2322,0.04415757,3403970020
Summit,Union,0.297048142,0.3679,0.070851858,3403971430
Union,Union,0.415465112,0.4283,0.012834888,3403974480
Westfield,Union,0.252707581,0.3304,0.077692419,3403979040
Winfield,Union,-0.107238606,-0.0607,0.046538606,3403981650
Allamuchy Twp,Warren,-0.247,-0.1335,0.1135,3404100670
Alpha Boro,Warren,-0.215,-0.1697,0.0453,3404101030
Belvidere Town,Warren,-0.2676,-0.2188,0.0488,3404104990
Blairstown Twp,Warren,-0.3276,-0.2476,0.08,3404106160
Franklin Twp,Warren,-0.3758,-0.29,0.0858,3404124960
Frelinghuysen Twp,Warren,-0.4054,-0.2864,0.119,3404125320
Greenwich Twp,Warren,-0.1854,-0.0846,0.1008,3404128260
Hackettstown Town,Warren,-0.1315,-0.0396,0.0919,3404128710
Hardwick Twp,Warren,-0.2842,-0.2466,0.0376,3404129820
Harmony Twp,Warren,-0.398,-0.3653,0.0327,3404130090
Hope Twp,Warren,-0.3968,-0.2915,0.1053,3404133060
Independence Twp,Warren,-0.2564,-0.1089,0.1475,3404133930
Knowlton Twp,Warren,-0.3972,-0.3404,0.0568,3404137320
Liberty Twp,Warren,-0.3946,-0.3188,0.0758,3404140110
Lopatcong Twp,Warren,-0.1599,-0.074,0.0859,3404141490
Mansfield Twp,Warren,-0.2691,-0.145,0.1241,3404143320
Oxford Twp,Warren,-0.3758,-0.3158,0.06,3404155530
Philipsburg Town,Warren,-0.0577,0.0285,0.0862,3404158350
Pohatcong Twp,Warren,-0.2932,-0.2416,0.0516,3404159820
Washington Boro,Warren,-0.1419,-0.0468,0.0951,3404177270
Washington Twp,Warren,-0.332,-0.2194,0.1126,3404177300
White Twp,Warren,-0.4125,-0.3501,0.0624,3404180570